[{
  "_id": {
    "$oid": "5f8a1a78a972351bb80c4e98"
  },
  "length": 155576,
  "chunkSize": 261120,
  "uploadDate": {
    "$date": "2020-10-16T22:11:05.689Z"
  },
  "filename": "78a2e41c249eb4c55d166017ea7ac4dc.JPG",
  "md5": "54bc6d4d1dc2374b4bb6e78e954f3a3d",
  "contentType": "image/jpeg"
},{
  "_id": {
    "$oid": "5f8a1a78a972351bb80c4e97"
  },
  "length": 513296,
  "chunkSize": 261120,
  "uploadDate": {
    "$date": "2020-10-16T22:11:05.689Z"
  },
  "filename": "f60fc255d167562725ae8c99f452f80d.jpg",
  "md5": "be3e795701b453b21907ce3c718f9327",
  "contentType": "image/jpeg"
},{
  "_id": {
    "$oid": "5f8a1b5ba972351bb80c4ea4"
  },
  "length": 35277,
  "chunkSize": 261120,
  "uploadDate": {
    "$date": "2020-10-16T22:14:51.223Z"
  },
  "filename": "daca7fc71a2ec07e0dc3412ceb54b93f.jpg",
  "md5": "7e7448ed132f05e203e44dd9949d8a92",
  "contentType": "image/jpeg"
},{
  "_id": {
    "$oid": "5f8a1b5ba972351bb80c4ea5"
  },
  "length": 149616,
  "chunkSize": 261120,
  "uploadDate": {
    "$date": "2020-10-16T22:14:51.224Z"
  },
  "filename": "ad00d821737fd66665875897ceaf5e5a.jpg",
  "md5": "8f0f07e7a8e0ac1d20d24436f65732ca",
  "contentType": "image/jpeg"
},{
  "_id": {
    "$oid": "5f8a1c45a972351bb80c4eab"
  },
  "length": 183921,
  "chunkSize": 261120,
  "uploadDate": {
    "$date": "2020-10-16T22:18:45.506Z"
  },
  "filename": "62d116e66e39958aff6e242556b3095c.jpg",
  "md5": "693e31e2ba0a8d0af12be677d008830e",
  "contentType": "image/jpeg"
},{
  "_id": {
    "$oid": "5f8a1d8fa972351bb80c4ec7"
  },
  "length": 277019,
  "chunkSize": 261120,
  "uploadDate": {
    "$date": "2020-10-16T22:24:15.360Z"
  },
  "filename": "8ad3fcb28e127ce5a11d3e506aceb568.jpg",
  "md5": "919f3cd52a08331a25f267b432fa240b",
  "contentType": "image/jpeg"
},{
  "_id": {
    "$oid": "5f8a1ffca972351bb80c4ee8"
  },
  "length": 107839,
  "chunkSize": 261120,
  "uploadDate": {
    "$date": "2020-10-16T22:34:36.738Z"
  },
  "filename": "d736d037d5f181b5eec4cb6435d4c6b3.jpg",
  "md5": "c46b3eb4ab2a293b81dc7129063150fb",
  "contentType": "image/jpeg"
},{
  "_id": {
    "$oid": "5f8a222fa972351bb80c4ef0"
  },
  "length": 41446,
  "chunkSize": 261120,
  "uploadDate": {
    "$date": "2020-10-16T22:43:59.694Z"
  },
  "filename": "78013a024ff91193f224ece51913450a.jpg",
  "md5": "e7a17ddfa39ef23b708e956cb65d0a88",
  "contentType": "image/jpeg"
},{
  "_id": {
    "$oid": "5f8a222fa972351bb80c4ef1"
  },
  "length": 381283,
  "chunkSize": 261120,
  "uploadDate": {
    "$date": "2020-10-16T22:43:59.701Z"
  },
  "filename": "e102d1393f836048e41ddd60ba5cb765.jpg",
  "md5": "3c9cef2115bd3cab9341b70f5fb0f4c3",
  "contentType": "image/jpeg"
},{
  "_id": {
    "$oid": "5f8a2390a972351bb80c4eff"
  },
  "length": 10574,
  "chunkSize": 261120,
  "uploadDate": {
    "$date": "2020-10-16T22:49:52.417Z"
  },
  "filename": "62eb98701a2ea332d6b43c22e53dd085.jpg",
  "md5": "4a7c1bf68059452b76e6e989ba710a9c",
  "contentType": "image/jpeg"
},{
  "_id": {
    "$oid": "5f8a2390a972351bb80c4efc"
  },
  "length": 285564,
  "chunkSize": 261120,
  "uploadDate": {
    "$date": "2020-10-16T22:49:52.440Z"
  },
  "filename": "8d22dd5898523fc4cd67a37cf5f42f72.jpg",
  "md5": "54e5da70fd039108d52ca7f751d0c98c",
  "contentType": "image/jpeg"
},{
  "_id": {
    "$oid": "5f8a28a7a972351bb80c4f10"
  },
  "length": 113099,
  "chunkSize": 261120,
  "uploadDate": {
    "$date": "2020-10-16T23:11:35.400Z"
  },
  "filename": "08c5f8ec494efc2e9fd438e376024ce0.jpg",
  "md5": "1dfa8c71a6ba5f31da10690d966f1f99",
  "contentType": "image/jpeg"
}]